Team,GP,MPG,FGM,FGA,FG%,3PM,3PA,3P%,FTM,FTA,FT%,TOV,PF,ORB,DRB,RPG,APG,SPG,BPG,PPG
Virginia Military,16,41.9,31.1,69.1,.450,8.7,26.4,.329,16.8,23.8,.706,10.4,17.2,14.4,27.2,41.6,13.8,6.2,6.6,87.8
Northwestern State,18,40.6,30.6,62.4,.489,5.9,15.4,.381,19.7,25.6,.770,13.6,20.2,11.1,24.8,35.9,17.7,8.2,4.9,86.7
Iona,20,40.2,29.1,59.1,.492,10.5,26.1,.402,17.5,24.4,.717,10.5,17.4,8.3,24.3,32.6,18.0,7.2,4.1,86.1
UNC Asheville,16,40.3,27.9,58.7,.476,7.4,18.9,.394,19.9,26.7,.747,13.6,19.4,10.4,27.4,37.8,13.7,7.2,6.2,83.2
Southeast Missouri State,16,40.9,30.1,58.8,.512,5.8,17.1,.336,16.9,24.6,.685,14.1,21.2,10.1,25.8,35.8,16.5,7.0,4.0,82.9
Murray State,16,40.6,28.0,56.9,.492,8.2,20.9,.392,18.5,27.4,.674,12.1,17.6,11.9,24.8,36.8,13.6,5.8,3.7,82.7
Brigham Young,18,40.8,27.9,58.6,.477,5.3,13.9,.384,20.8,30.1,.691,11.1,19.7,12.6,24.9,37.5,15.3,7.1,2.9,82.0
Belmont,16,40.0,28.1,53.9,.522,9.1,21.5,.422,16.6,22.9,.727,12.4,20.3,7.9,21.8,29.8,15.6,6.6,2.4,81.9
Canisius,20,41.2,27.4,58.5,.469,8.3,21.6,.384,18.1,24.1,.753,11.4,18.2,10.4,21.9,32.4,13.8,7.1,4.4,81.3
Quinnipiac,20,40.5,25.9,60.8,.426,6.0,15.7,.385,23.4,32.6,.717,12.5,19.8,16.8,28.1,45.0,13.3,3.0,5.1,81.2
Davidson,16,40.3,28.2,53.4,.529,9.1,19.8,.462,15.4,20.7,.743,11.8,18.2,7.8,25.1,32.8,15.4,4.9,1.8,81.0
Kansas,18,40.3,28.1,56.1,.500,6.1,16.8,.363,18.7,25.7,.728,13.0,20.9,11.9,25.5,37.4,15.0,6.1,5.4,80.9
Louisville,18,40.0,28.2,58.8,.480,8.1,20.5,.396,15.2,23.2,.653,11.2,20.3,11.6,22.7,34.2,16.2,10.3,4.7,79.7
Louisiana-Lafayette ,18,41.1,27.1,58.9,.460,6.7,18.4,.364,18.6,27.2,.685,13.3,21.2,13.0,23.5,36.5,13.0,7.3,4.3,79.6
UCLA,18,40.6,27.8,60.4,.460,6.7,17.2,.390,17.0,22.5,.756,10.3,19.0,10.4,24.5,34.9,16.5,8.8,2.6,79.4
Radford,16,40.3,27.6,57.3,.481,5.8,17.4,.335,18.4,24.7,.744,10.6,18.3,9.8,24.0,33.8,12.0,6.1,4.5,79.3
Eastern Kentucky,16,40.0,25.9,51.8,.500,9.2,22.4,.409,18.2,23.8,.768,11.4,21.1,6.9,16.9,23.8,14.3,7.6,1.8,79.2
Oklahoma,18,40.3,26.3,60.1,.437,9.2,23.9,.383,17.3,22.4,.772,10.8,18.1,10.4,24.9,35.4,14.1,6.3,2.7,79.0
New Mexico State,16,40.3,26.6,53.6,.497,5.7,15.4,.368,19.9,29.8,.669,12.2,17.1,11.9,25.0,36.9,13.5,4.8,7.1,78.9
Iowa State,18,41.1,28.2,62.6,.451,7.5,23.6,.318,14.8,21.8,.681,10.7,17.9,9.9,26.4,36.3,18.1,6.3,3.1,78.8
Mount St. Mary's,16,40.3,26.8,60.4,.443,9.1,25.2,.361,15.8,20.4,.773,12.2,18.3,10.2,22.2,32.4,12.2,7.4,3.9,78.4
Iowa,18,40.3,26.8,57.8,.464,5.4,15.8,.345,19.2,26.4,.725,11.3,18.8,12.0,24.2,36.2,14.8,7.2,4.7,78.3
Hawaii,16,40.6,27.8,59.8,.465,5.4,17.1,.315,16.9,22.7,.747,10.9,19.0,13.0,22.8,35.8,14.1,5.5,2.4,77.9
Creighton,18,40.0,27.2,54.6,.499,9.6,23.6,.408,13.8,18.7,.741,9.6,18.1,7.4,24.9,32.4,17.3,3.7,1.0,77.9
Cal State Northridge,16,41.9,24.7,55.9,.441,4.3,11.8,.365,24.1,29.8,.809,12.4,20.6,10.1,24.6,34.7,14.1,6.7,2.5,77.8
Georgia State,18,40.6,25.9,55.4,.468,7.6,19.7,.384,18.3,23.0,.795,8.1,17.3,7.0,23.3,30.3,12.9,8.3,4.6,77.7
East Tennessee State,18,40.0,25.3,58.6,.432,8.9,22.8,.390,18.2,23.3,.781,10.3,18.8,10.2,23.5,33.7,12.8,7.7,2.7,77.7
Stephen F. Austin,18,40.0,27.1,57.2,.474,7.3,20.4,.357,16.0,21.9,.729,11.7,20.4,13.2,21.1,34.3,18.2,7.6,3.6,77.5
Incarnate Word,14,40.4,26.9,56.6,.475,7.1,18.9,.375,16.7,24.1,.694,13.1,19.2,9.9,23.9,33.9,14.4,6.9,3.6,77.5
Tennessee-Martin,16,40.0,26.8,59.5,.451,7.9,21.4,.368,15.8,21.3,.742,11.6,20.8,11.1,20.1,31.2,14.2,8.1,2.9,77.4
Delaware,16,40.0,26.1,59.9,.436,6.6,20.7,.320,18.5,27.1,.684,8.1,18.1,10.8,25.9,36.6,9.8,6.0,3.9,77.4
Villanova,18,41.1,25.7,54.6,.471,9.3,23.8,.390,16.5,23.1,.714,11.5,19.2,9.7,24.1,33.8,15.1,6.4,3.4,77.2
Louisiana Tech,16,40.0,26.1,59.8,.436,7.4,24.2,.304,17.3,25.5,.679,11.3,18.8,12.4,24.8,37.2,16.0,9.4,4.3,76.8
Sam Houston State,18,40.6,25.9,55.3,.468,6.9,18.5,.372,18.1,27.6,.656,12.3,22.3,11.9,22.7,34.6,16.7,6.3,2.7,76.8
Manhattan,20,40.8,25.6,55.4,.463,6.2,16.6,.375,19.2,30.9,.623,14.4,23.4,11.8,24.9,36.8,13.3,8.8,6.6,76.8
Toledo,18,40.6,26.3,58.1,.453,5.9,16.9,.351,18.1,24.8,.731,11.2,18.3,11.5,22.8,34.3,14.4,7.0,2.9,76.7
Oregon,18,40.8,25.6,59.0,.434,7.5,20.4,.367,17.8,22.9,.779,11.2,21.2,10.3,21.8,32.1,13.3,7.9,3.3,76.6
West Virginia,18,40.6,25.2,59.0,.427,7.7,20.2,.379,18.6,25.1,.739,9.7,20.8,11.3,22.4,33.7,12.2,6.3,3.2,76.6
Eastern Washington,20,40.2,25.2,55.5,.455,7.9,21.2,.372,18.1,25.2,.717,11.9,20.1,9.8,25.4,35.1,13.4,4.4,4.4,76.5
Mercer,18,40.6,26.9,56.1,.480,8.5,21.0,.405,14.1,20.1,.701,11.7,18.2,10.4,24.9,35.4,15.9,6.9,4.3,76.4
Hampton,17,41.2,24.6,57.7,.426,5.3,16.9,.314,21.8,33.4,.651,15.5,24.4,13.2,26.9,40.1,12.2,8.3,6.0,76.2
Oral Roberts,18,40.6,26.3,55.1,.477,5.3,13.4,.397,18.3,25.2,.728,10.6,19.8,11.0,23.6,34.6,13.0,5.4,4.9,76.2
Oklahoma State,18,41.4,24.8,56.2,.441,7.0,19.5,.359,19.7,26.9,.730,10.7,20.2,8.6,24.9,33.5,13.1,6.8,4.1,76.2
Austin Peay,16,40.6,26.4,53.1,.497,4.9,13.8,.357,18.5,27.8,.667,14.3,16.9,9.2,22.2,31.4,14.1,6.4,4.8,76.2
Charleston Southern,16,40.0,26.6,59.0,.451,8.8,23.4,.374,14.1,19.8,.710,10.8,17.5,11.0,23.6,34.6,12.8,6.6,2.6,76.1
Jacksonville,18,40.0,25.3,57.1,.444,6.5,19.0,.342,18.8,25.5,.739,13.0,18.3,11.6,22.0,33.6,12.8,7.6,3.1,76.0
Florida Gulf Coast,18,40.0,27.2,57.3,.475,5.9,17.2,.343,15.6,22.5,.694,12.7,18.1,10.4,26.2,36.6,13.4,6.3,3.4,75.9
Texas Southern,18,41.1,25.3,53.3,.475,6.4,17.3,.373,18.8,27.1,.695,13.6,16.3,9.9,25.8,35.7,12.6,4.8,3.7,75.9
Arkansas,18,41.1,25.0,61.2,.408,7.9,21.3,.370,18.0,24.6,.731,11.6,21.7,11.0,22.6,33.6,14.3,8.7,5.2,75.9
Duke,18,40.3,25.3,57.7,.438,9.3,24.4,.382,15.9,21.6,.740,9.3,19.7,12.4,21.2,33.7,13.5,7.1,3.1,75.8
Memphis,18,40.6,28.1,57.4,.489,5.9,16.3,.364,13.6,20.7,.659,14.0,18.8,10.7,24.4,35.2,17.9,7.9,4.2,75.8
Northern Colorado,20,40.5,27.2,53.8,.506,6.0,15.2,.396,15.2,21.2,.717,11.2,19.8,10.2,19.5,29.7,11.2,5.5,2.0,75.6
Omaha,14,40.7,26.7,61.5,.434,6.4,19.4,.328,15.8,21.0,.752,12.1,18.2,10.6,21.5,32.1,13.7,8.1,2.0,75.6
VCU,16,40.6,26.1,63.3,.413,7.3,21.1,.346,15.7,23.1,.680,12.7,20.0,13.9,24.7,38.6,13.2,10.2,4.3,75.2
Chattanooga,16,40.6,23.9,56.9,.421,5.9,17.5,.339,21.4,29.4,.728,12.4,18.8,13.2,24.1,37.2,11.3,6.7,6.0,75.2
Morehead State,16,40.9,23.9,52.5,.456,4.9,16.7,.296,22.2,29.1,.762,15.6,23.6,11.9,23.9,35.8,12.2,6.7,3.6,75.0
Arkansas State ,18,40.8,24.2,53.9,.448,8.9,22.9,.390,17.7,23.5,.752,12.2,18.0,7.9,24.3,32.2,13.2,7.0,2.5,74.9
Buffalo,18,39.9,26.2,56.2,.467,6.3,18.4,.341,16.1,22.3,.723,11.8,16.4,10.8,23.7,34.4,16.0,7.5,3.7,74.8
Oakland,16,40.3,25.3,57.7,.439,8.5,22.6,.377,15.7,21.4,.734,10.9,19.5,8.9,21.2,30.1,16.2,7.0,1.6,74.8
Bryant,16,40.0,27.1,56.4,.481,6.3,18.4,.344,14.2,20.5,.695,11.3,15.8,9.7,23.4,33.1,14.1,5.8,2.6,74.8
Lipscomb,18,40.0,24.2,55.2,.438,9.5,25.8,.369,16.9,24.7,.685,11.6,20.8,8.7,21.0,29.7,13.5,6.9,1.8,74.8
Fairleigh Dickinson,16,40.6,25.3,58.6,.432,7.7,20.4,.376,16.3,22.2,.735,11.8,20.6,10.9,21.8,32.6,11.4,7.2,4.2,74.6
Gardner-Webb,16,41.9,26.4,60.2,.438,5.6,15.8,.357,16.1,22.2,.724,11.6,17.6,12.6,22.9,35.5,15.2,7.0,3.3,74.4
Northern Iowa,18,40.3,25.0,54.1,.462,9.7,24.2,.402,14.6,19.9,.735,9.0,18.2,7.9,22.3,30.3,15.2,5.6,2.3,74.3
Western Carolina,16,40.9,25.8,59.1,.436,6.8,19.6,.345,16.1,21.6,.743,11.8,22.3,11.9,21.5,33.4,12.4,7.6,5.2,74.3
Harvard,14,41.1,24.9,50.6,.493,6.6,15.8,.421,17.7,24.8,.715,10.9,17.1,7.9,22.4,30.3,14.5,7.0,4.6,74.2
High Point,16,40.3,26.9,54.8,.491,7.2,16.0,.449,13.0,17.5,.743,10.1,15.4,8.5,20.6,29.1,16.2,5.8,3.4,74.1
Tulsa,16,40.6,24.9,55.4,.450,5.2,17.5,.300,18.9,26.6,.713,12.0,19.6,11.1,26.4,37.5,12.5,7.2,4.1,74.1
Fort Wayne,14,40.4,25.5,52.9,.482,7.9,20.9,.375,15.1,21.6,.700,12.4,17.1,9.1,22.1,31.3,13.3,5.7,2.1,74.0
LSU,18,40.6,26.1,60.4,.432,6.4,19.6,.330,15.3,22.2,.688,13.1,18.7,12.4,24.8,37.3,13.3,7.1,5.9,73.9
Wichita State,18,40.3,24.2,52.8,.457,7.2,20.9,.345,18.3,24.8,.738,11.1,16.5,11.1,26.0,37.1,13.9,6.6,5.6,73.9
North Florida,18,40.3,24.8,55.2,.450,7.4,19.9,.373,16.7,23.4,.713,14.8,18.4,11.6,25.1,36.7,11.9,5.3,4.0,73.8
St. Francis (NY),16,40.6,26.9,58.2,.461,7.1,19.6,.364,12.9,19.2,.672,12.8,18.9,12.4,25.2,37.6,14.2,4.9,5.5,73.8
Morgan State,16,41.2,26.1,59.1,.442,4.6,18.0,.253,16.9,27.0,.627,13.4,20.2,15.2,25.8,41.0,14.1,5.4,5.6,73.8
Grand Canyon,16,40.3,22.7,51.6,.439,7.1,20.5,.348,21.2,28.2,.754,12.1,20.5,8.4,25.4,33.8,12.9,3.3,3.2,73.8
Providence,18,42.2,24.2,55.7,.434,6.7,18.4,.361,18.7,24.5,.764,11.9,17.9,11.2,24.3,35.5,13.8,5.1,5.4,73.7
North Carolina,18,40.3,27.4,59.8,.458,4.7,13.9,.335,14.2,22.8,.624,11.6,19.7,13.8,24.1,37.9,15.7,6.8,4.2,73.7
SIU-Edwardsville,16,40.3,25.9,53.9,.480,7.2,17.8,.404,14.7,22.1,.664,13.1,19.9,9.3,22.4,31.7,13.0,6.8,3.0,73.6
Central Arkansas,18,40.0,26.4,59.0,.448,5.9,16.8,.350,14.8,24.5,.605,13.6,21.2,10.7,21.2,31.8,12.2,7.7,5.1,73.6
South Dakota State,14,40.0,24.1,53.6,.449,6.2,17.6,.354,19.2,24.5,.784,10.1,18.7,9.4,25.2,34.6,13.6,5.4,2.6,73.6
Winthrop,16,41.0,24.5,55.6,.440,8.5,21.2,.401,16.0,22.4,.715,11.2,19.8,9.9,22.3,32.2,11.0,6.5,2.1,73.5
North Dakota State,14,40.0,26.6,53.1,.501,5.3,14.6,.361,15.0,19.9,.753,10.0,16.7,8.7,23.4,32.1,11.6,6.5,4.6,73.4
Massachusetts,16,40.0,26.7,58.0,.460,5.2,15.6,.336,14.7,22.2,.662,12.7,19.6,10.8,24.7,35.5,15.1,6.9,5.9,73.3
USC Upstate,18,40.6,25.9,56.8,.457,6.7,20.9,.322,14.6,22.1,.658,12.5,18.6,12.7,24.3,37.0,15.0,7.2,3.3,73.2
Portland State,20,41.5,25.9,54.4,.477,6.4,18.2,.351,14.9,20.3,.736,11.1,19.0,7.7,19.8,27.4,13.1,5.7,2.2,73.2
William & Mary,16,40.0,25.2,52.5,.481,9.0,22.0,.409,13.6,19.3,.706,8.9,15.8,6.6,23.2,29.8,14.5,4.9,2.8,73.1
Gonzaga,18,40.0,25.3,52.7,.481,6.6,17.2,.382,15.8,22.1,.716,11.7,17.4,9.2,25.7,34.8,14.4,7.0,4.4,73.1
Michigan,18,40.3,25.2,51.6,.488,7.9,19.6,.405,14.8,18.9,.780,9.5,14.1,7.6,21.6,29.2,13.7,4.6,2.3,73.1
Kentucky,18,40.8,24.4,56.4,.433,5.1,15.8,.319,19.1,27.2,.702,12.1,18.7,13.9,24.4,38.4,10.8,5.4,5.4,73.1
North Dakota,20,40.0,25.1,54.2,.464,5.9,18.1,.327,16.8,24.4,.690,11.5,19.9,10.4,19.6,29.9,12.7,8.2,2.6,73.0
North Carolina Central,17,40.3,24.5,53.4,.460,5.0,14.7,.340,18.9,26.6,.709,10.6,19.2,11.5,22.6,34.1,14.6,7.8,4.4,72.9
Weber State,20,40.8,22.9,47.3,.485,7.7,18.4,.417,19.4,25.8,.751,13.2,18.8,8.2,25.4,33.5,13.2,3.8,4.0,72.9
Arizona State,18,41.4,23.5,55.2,.426,7.7,20.3,.378,18.2,26.2,.696,12.4,20.8,7.7,26.2,33.9,12.4,5.3,4.8,72.9
Vermont,16,40.3,25.1,51.2,.490,6.1,14.3,.428,16.6,22.1,.751,11.6,16.4,9.9,26.1,36.1,14.2,8.1,4.3,72.8
Samford,16,40.3,26.2,53.8,.488,5.1,14.6,.346,15.1,21.8,.693,11.4,21.2,8.1,22.5,30.6,13.5,5.1,3.4,72.7
Wagner,16,40.3,25.8,59.4,.434,5.6,16.0,.352,15.6,20.8,.750,13.5,18.1,13.6,26.6,40.2,11.9,6.6,6.9,72.7
Texas-Arlington,18,41.1,24.1,55.9,.430,7.3,21.7,.336,17.2,24.4,.705,13.7,19.6,10.4,25.3,35.7,11.3,4.7,3.0,72.6
Oregon State,18,40.8,24.5,52.8,.464,6.3,15.1,.415,17.3,25.7,.672,13.9,19.2,10.2,24.6,34.7,12.4,3.9,4.6,72.6
Niagara,20,40.0,25.3,59.0,.428,5.0,16.4,.303,17.0,25.8,.660,13.1,22.6,12.7,20.7,33.4,10.2,7.2,2.5,72.5
New Mexico,18,40.6,25.6,54.4,.470,6.3,17.6,.356,14.9,21.4,.699,9.2,16.4,8.9,26.7,35.6,15.8,4.8,4.7,72.4
Eastern Illinois,16,40.0,25.0,54.8,.457,5.2,15.8,.329,17.2,23.1,.746,13.1,19.7,10.6,22.3,32.9,12.6,5.2,3.7,72.4
Long Beach State,16,40.0,27.3,59.4,.460,6.2,18.2,.340,11.6,16.7,.697,12.5,16.9,13.2,24.2,37.4,13.1,5.8,2.6,72.4
George Mason,16,40.9,26.2,57.9,.452,4.9,13.0,.380,15.1,20.7,.728,12.8,20.7,10.8,23.5,34.2,12.3,5.8,3.8,72.4
Towson,16,40.3,22.9,51.5,.444,5.2,15.2,.342,21.4,29.4,.728,9.1,19.5,11.2,26.2,37.4,8.1,3.7,4.1,72.4
Baylor,18,40.8,24.6,58.4,.421,8.1,22.1,.367,15.0,22.5,.667,11.6,18.8,14.4,22.7,37.2,14.2,5.4,5.5,72.3
St. Bonaventure,16,40.0,25.1,55.6,.452,4.8,14.9,.324,17.2,22.6,.765,13.5,20.1,11.6,22.0,33.6,13.6,7.0,4.5,72.3
Texas A&M-CC,18,40.3,26.0,51.7,.503,3.9,10.0,.394,16.3,24.8,.659,12.7,19.4,10.9,22.8,33.7,13.3,7.1,3.3,72.3
Rider,20,40.8,23.5,55.1,.426,7.7,20.0,.383,17.6,24.4,.720,13.3,20.1,10.0,23.1,33.1,12.1,6.3,2.9,72.2
Central Connecticut State,16,40.6,26.5,58.8,.451,6.4,17.1,.376,12.8,17.2,.745,14.8,16.9,9.3,24.8,34.1,13.7,6.9,5.2,72.2
New Orleans,18,40.0,23.0,52.5,.438,4.7,14.3,.327,21.6,30.4,.708,17.3,21.3,12.3,23.3,35.6,11.2,6.1,3.2,72.2
Southern Mississippi,16,40.0,23.7,51.5,.460,5.9,15.8,.372,18.9,26.5,.715,12.6,19.6,11.9,22.8,34.7,14.9,7.8,1.7,72.2
Green Bay,16,40.3,25.6,52.9,.483,4.2,12.7,.335,16.8,23.8,.706,12.2,16.0,10.2,24.1,34.2,14.7,6.8,6.9,72.2
Michigan State,18,40.8,25.4,54.9,.462,8.6,20.9,.410,12.8,18.3,.700,11.6,19.9,9.8,23.9,33.8,15.9,6.7,5.0,72.2
Alabama State,18,41.1,24.8,59.7,.416,5.9,19.4,.303,16.6,24.4,.681,12.7,17.9,13.8,23.1,36.8,12.7,6.9,3.8,72.2
Idaho,16,40.9,24.4,55.0,.444,6.1,18.2,.333,17.2,25.1,.686,12.6,20.6,10.6,24.1,34.7,11.6,4.2,1.6,72.1
Coastal Carolina,16,40.3,25.1,55.6,.451,6.2,17.1,.366,15.8,22.4,.702,13.2,19.4,11.1,25.1,36.1,10.6,6.3,2.6,72.1
Army,18,40.1,25.4,55.4,.458,7.0,19.1,.367,14.3,20.4,.703,12.4,18.3,9.7,22.2,31.8,13.5,6.1,3.8,72.1
Marquette,18,42.2,24.2,56.3,.430,4.9,15.3,.322,18.7,26.2,.713,11.8,20.3,11.3,22.8,34.1,14.5,5.8,2.8,72.1
Portland,18,41.1,25.2,56.1,.449,6.4,15.6,.414,15.1,21.1,.716,11.6,20.3,10.6,23.4,34.1,15.2,5.6,4.0,71.9
McNeese State,18,40.6,24.7,58.2,.424,6.4,20.4,.316,16.1,23.7,.681,12.7,18.5,13.0,23.2,36.2,13.2,7.0,4.2,71.9
Boise State,18,41.1,24.8,56.5,.440,7.8,21.7,.361,14.4,19.4,.740,9.8,19.3,10.8,22.4,33.2,11.3,4.6,1.8,71.9
Ole Miss,18,40.3,24.5,61.0,.402,7.6,23.5,.324,15.3,21.4,.714,11.1,18.5,12.9,21.9,34.9,12.0,7.3,4.5,71.9
Robert Morris,16,40.3,24.8,56.7,.437,6.9,18.4,.376,15.4,20.5,.753,10.2,15.2,11.2,23.4,34.6,11.2,8.1,1.8,71.9
Wisconsin,18,40.0,23.5,52.4,.448,7.1,20.2,.352,17.7,23.6,.752,7.9,15.1,8.1,23.4,31.4,11.3,5.0,3.4,71.8
Texas,18,40.0,24.9,58.9,.424,4.9,16.1,.303,17.1,24.3,.703,12.2,18.7,14.8,25.2,40.1,12.4,5.1,5.4,71.8
George Washington,16,40.0,25.0,54.2,.461,5.6,15.9,.349,16.2,25.4,.639,13.2,18.4,11.4,25.9,37.3,13.9,5.9,3.1,71.8
Marist,20,40.8,24.0,56.2,.427,7.0,19.1,.364,16.9,22.9,.736,11.7,19.5,10.2,23.1,33.3,11.3,6.8,3.7,71.8
Elon,16,40.3,25.3,54.8,.462,7.0,20.3,.345,14.1,19.5,.724,11.7,15.6,9.4,23.4,32.9,13.5,4.3,2.8,71.8
Fresno State,18,40.8,24.3,57.4,.423,8.2,21.8,.377,14.9,20.1,.742,8.6,19.8,9.6,23.5,33.1,11.5,6.2,4.1,71.7
California,18,40.8,26.1,58.3,.448,5.3,14.7,.364,14.1,20.8,.679,10.1,18.1,8.9,24.5,33.4,14.9,5.1,4.4,71.7
Western Michigan,18,40.8,23.8,49.1,.485,5.7,16.4,.348,18.4,25.4,.723,16.1,17.4,9.0,23.9,32.9,11.8,6.3,3.7,71.7
UC Santa Barbara,16,40.6,23.9,52.1,.459,6.5,17.3,.375,17.2,24.3,.710,11.3,18.2,10.7,25.7,36.4,15.3,4.6,4.8,71.6
Arizona,18,40.8,25.6,57.0,.449,4.8,14.6,.331,15.4,23.8,.650,10.1,16.9,12.0,25.1,37.1,14.8,6.2,3.8,71.5
Southern,18,40.0,25.6,55.1,.465,5.8,15.7,.369,14.3,21.7,.662,13.1,19.1,10.9,27.2,38.1,12.9,6.0,5.6,71.3
Florida,18,40.3,24.2,52.1,.464,7.7,21.5,.357,15.3,22.4,.685,11.1,16.3,10.7,23.6,34.3,14.4,7.0,2.9,71.3
San Francisco,18,40.6,24.7,53.4,.462,6.2,17.2,.358,15.7,23.9,.657,10.6,18.4,10.3,25.3,35.7,13.7,4.4,2.7,71.2
Youngstown State,16,40.9,24.2,52.9,.457,7.1,19.9,.354,15.8,21.5,.733,11.4,17.8,7.0,22.2,29.2,14.9,5.5,1.9,71.2
Sacramento State,20,40.5,25.6,53.2,.480,5.9,15.6,.379,14.2,19.5,.726,10.6,20.6,9.2,21.1,30.4,13.8,4.8,1.4,71.2
Xavier,18,40.0,24.8,52.6,.472,5.1,14.7,.345,16.4,22.6,.727,12.1,18.7,9.7,23.8,33.6,15.0,5.2,2.2,71.1
Boston University,18,40.6,25.0,55.7,.449,8.3,21.3,.392,12.8,17.6,.726,11.9,16.1,9.4,24.2,33.6,13.7,7.2,2.5,71.1
Stanford,18,40.3,24.1,54.8,.440,5.3,15.7,.340,17.6,25.4,.690,10.9,18.4,10.3,23.2,33.5,10.9,5.3,3.7,71.1
St. John's,18,41.1,26.1,58.8,.444,4.3,12.7,.341,14.4,20.3,.710,11.3,19.4,10.8,24.2,35.0,12.8,7.0,6.2,71.0
Siena,20,41.0,24.1,56.4,.428,4.2,12.9,.329,18.5,25.1,.736,14.1,22.5,13.1,24.1,37.1,14.1,5.3,5.0,71.0
Pacific,18,40.3,23.4,55.1,.424,7.0,19.3,.363,17.2,22.3,.771,11.9,24.1,10.8,23.5,34.3,12.1,5.1,2.0,70.9
UC Riverside,16,41.3,24.3,54.9,.443,4.5,14.9,.301,17.8,24.1,.740,12.8,19.2,9.2,23.1,32.3,12.2,5.9,4.5,70.9
Washington,18,40.0,26.1,58.2,.448,5.6,17.2,.326,13.1,17.7,.742,11.4,18.7,10.3,23.0,33.3,13.6,5.1,2.2,70.8
Missouri,18,40.3,22.8,52.3,.436,5.7,16.7,.339,19.6,25.8,.759,11.9,20.1,10.5,23.9,34.4,10.1,4.3,3.2,70.8
Tennessee State,16,40.3,23.9,53.4,.448,5.5,16.3,.337,17.4,24.7,.704,11.8,20.5,11.5,20.4,31.9,10.6,5.6,2.3,70.8
Connecticut,18,40.3,23.6,55.1,.428,6.7,19.2,.347,16.9,22.0,.770,11.2,18.5,10.3,24.4,34.7,12.2,7.3,5.6,70.7
Cleveland State,16,40.3,25.1,53.1,.472,7.6,18.1,.417,12.9,17.6,.734,11.8,17.7,9.9,22.9,32.8,14.9,5.3,3.4,70.6
Kansas State,18,40.8,24.6,55.5,.443,6.1,17.2,.355,15.2,22.6,.673,12.6,22.6,10.9,23.1,34.0,15.6,5.6,3.3,70.6
Troy,18,40.2,23.3,54.8,.425,8.3,22.2,.376,15.6,24.0,.648,12.6,16.4,12.4,22.6,35.1,10.7,5.3,2.1,70.4
Ohio,18,41.1,25.6,54.8,.466,7.9,21.7,.366,11.4,16.4,.695,13.2,18.7,8.5,24.1,32.6,14.8,6.7,3.8,70.4
Utah,18,40.8,24.5,52.8,.464,5.9,17.1,.345,15.4,20.8,.741,12.6,18.4,8.3,23.3,31.7,13.7,6.7,4.3,70.3
Montana,20,41.2,23.4,49.6,.473,7.3,19.4,.377,16.1,21.4,.751,9.9,20.0,7.5,19.2,26.7,11.3,4.8,2.4,70.3
Tennessee Tech ,16,40.0,23.7,51.9,.457,5.5,16.0,.344,17.4,25.4,.683,14.9,22.0,10.6,22.3,32.9,12.9,6.3,4.9,70.2
Seattle,16,40.9,24.6,60.0,.410,7.5,22.6,.331,13.4,20.7,.647,14.6,23.2,14.7,23.3,38.0,12.4,6.0,3.3,70.1
Houston,18,40.0,24.9,54.5,.457,7.0,18.5,.378,13.3,20.0,.667,12.9,18.8,9.7,23.0,32.7,15.2,4.7,4.9,70.1
Idaho State,20,40.5,23.4,52.6,.446,5.8,16.4,.358,17.4,24.3,.714,12.1,18.2,11.5,22.9,34.4,11.6,6.1,2.6,70.1
Chicago State,16,41.2,24.6,58.3,.422,6.9,20.2,.340,13.9,20.3,.686,12.2,23.2,10.3,21.4,31.8,11.3,9.3,2.8,70.1
Pepperdine,18,40.3,24.1,55.6,.433,6.2,17.9,.345,15.8,21.9,.721,12.1,19.4,10.4,22.9,33.3,13.4,5.4,4.1,70.1
Prairie View A&M,18,41.9,23.7,57.9,.410,7.6,20.9,.361,15.1,24.2,.622,14.0,21.9,11.7,22.9,34.6,9.9,7.7,2.6,70.1
Temple,18,40.6,24.8,60.7,.409,6.3,19.3,.326,14.1,18.9,.744,11.1,17.4,11.8,21.2,33.0,12.1,5.9,2.5,70.0
Saint Joseph's,16,40.0,24.2,50.9,.476,7.2,19.4,.370,14.2,22.4,.635,12.8,15.6,8.4,24.6,33.1,14.2,4.6,5.2,69.9
Brown,14,40.7,24.5,57.8,.424,5.9,16.3,.364,15.0,21.3,.705,11.3,20.0,10.5,27.0,37.5,13.0,5.4,4.9,69.9
Liberty,16,40.0,25.7,56.1,.458,5.2,14.9,.347,13.3,19.3,.689,12.9,16.4,12.3,24.0,36.3,13.2,4.5,3.4,69.9
UNC Greensboro,16,40.6,25.1,58.1,.432,4.8,14.2,.338,14.8,21.4,.688,13.7,22.0,10.1,25.8,35.8,10.8,5.8,2.9,69.8
Missouri-Kansas City,16,40.0,24.2,56.4,.430,6.2,18.4,.336,15.1,23.8,.637,11.1,19.6,9.2,22.6,31.8,11.5,5.8,2.6,69.8
Nevada,18,41.7,24.7,57.7,.428,6.7,20.1,.331,13.6,19.4,.700,9.2,17.7,10.6,24.2,34.7,11.1,4.4,5.4,69.7
Duquesne,16,40.0,23.9,56.2,.424,7.9,20.8,.380,14.0,20.9,.669,11.9,17.9,9.7,23.4,33.1,15.2,6.9,2.8,69.6
UNLV,18,40.6,24.4,57.6,.423,5.9,19.1,.312,14.9,21.6,.691,9.3,15.4,12.0,25.2,37.2,12.2,4.7,6.1,69.6
Southeastern Louisiana,18,40.6,23.1,50.6,.457,7.2,17.9,.404,16.2,23.0,.703,11.9,19.4,7.0,22.3,29.3,11.3,4.3,4.3,69.6
Central Michigan,18,41.1,23.3,55.8,.418,8.3,25.1,.330,14.7,21.9,.670,11.1,19.5,9.7,19.1,28.8,11.2,7.4,0.9,69.6
Stony Brook,16,40.0,24.6,54.2,.454,5.9,16.3,.360,14.4,20.2,.713,12.0,18.1,11.1,23.9,35.1,13.4,5.9,2.6,69.6
Maryland,18,40.8,24.1,57.1,.422,7.2,22.0,.328,14.1,20.1,.702,11.9,20.7,10.4,25.0,35.4,11.1,6.1,3.8,69.6
Pittsburgh,18,41.4,23.1,51.9,.445,5.3,13.9,.378,18.1,25.6,.705,11.1,18.2,11.5,22.2,33.7,14.7,6.9,2.8,69.6
Florida A&M,16,40.3,24.2,61.2,.396,6.3,20.1,.315,14.7,22.9,.642,15.3,23.7,14.9,24.9,39.8,11.6,6.4,4.7,69.5
Long Island,16,40.3,25.2,58.8,.428,7.2,21.6,.333,11.9,17.0,.702,12.6,16.4,11.1,23.7,34.8,13.6,3.7,2.1,69.5
UAB,16,40.3,24.6,60.0,.410,4.9,16.7,.292,15.4,24.9,.618,12.4,17.7,14.8,25.8,40.5,11.9,6.1,4.2,69.5
Southern Methodist,18,40.0,24.5,51.5,.476,4.2,12.1,.344,16.2,23.3,.695,14.0,19.9,9.9,23.6,33.5,14.3,7.9,4.3,69.4
Lafayette,18,40.0,25.0,52.9,.473,6.7,16.6,.405,12.7,17.2,.738,11.7,17.8,7.6,20.2,27.7,13.2,5.3,2.2,69.4
Tennessee,18,40.2,24.1,54.8,.440,6.1,18.3,.331,15.1,20.7,.731,11.5,16.3,12.8,25.6,38.4,12.6,4.9,4.6,69.4
Maine,16,40.0,25.1,56.6,.444,5.8,17.9,.321,13.4,19.0,.704,15.6,20.4,8.9,23.9,32.8,14.4,7.0,2.1,69.4
Nicholls State,18,40.6,24.0,52.1,.461,6.2,19.2,.324,15.1,22.5,.672,12.0,22.2,8.1,21.4,29.4,13.2,5.6,2.5,69.3
Loyola Marymount,18,40.3,24.9,58.0,.429,4.7,14.6,.323,14.7,19.5,.755,11.7,19.1,9.6,20.0,29.6,11.6,7.2,4.1,69.2
UTEP,16,40.0,24.2,49.5,.489,4.5,12.6,.358,16.3,23.9,.681,13.1,17.0,9.7,25.3,35.0,14.2,5.2,4.1,69.2
Longwood,16,40.0,25.8,59.7,.431,6.1,17.4,.351,11.5,15.8,.730,11.8,18.8,10.7,20.9,31.6,13.4,6.8,1.4,69.1
Wofford,16,40.3,25.2,55.3,.455,5.7,14.6,.389,13.0,19.1,.680,9.1,16.8,10.1,21.9,32.0,12.7,6.5,1.8,69.1
Saint Mary's,18,40.3,22.2,51.4,.431,6.4,18.3,.348,18.3,25.7,.713,10.6,19.0,10.2,21.5,31.7,10.7,5.8,3.0,69.1
Auburn,18,40.0,23.1,54.9,.421,5.9,18.7,.315,16.9,23.0,.734,12.0,23.1,10.2,21.0,31.2,10.4,6.4,3.8,69.0
Cal State Fullerton,16,40.3,23.5,54.9,.428,6.6,18.8,.349,15.4,23.6,.655,11.6,19.4,10.0,21.9,31.9,10.6,4.7,1.8,69.0
Colorado,18,40.8,23.2,53.9,.429,4.8,15.2,.318,17.8,24.8,.717,13.6,16.2,11.0,25.2,36.2,11.1,5.7,4.0,68.9
Drexel,16,41.0,23.8,56.2,.423,5.4,16.2,.332,15.9,21.1,.754,7.9,19.8,10.1,22.9,33.0,11.7,4.5,4.1,68.9
Coppin State,16,40.3,22.8,58.3,.390,8.2,24.2,.338,15.2,21.1,.721,12.0,16.3,11.9,21.1,32.9,12.9,5.8,2.0,68.9
Saint Louis,16,40.6,23.7,52.9,.447,5.4,17.2,.316,16.1,23.0,.698,13.6,17.4,8.4,26.5,34.9,13.6,6.7,3.8,68.9
Dayton,16,40.0,23.6,53.6,.441,6.2,17.1,.365,15.4,21.4,.717,12.3,20.2,10.6,21.9,32.5,11.9,5.1,2.6,68.9
Colorado State,18,40.0,22.3,54.9,.405,5.7,17.1,.332,18.5,25.4,.727,9.7,18.8,12.1,23.6,35.7,11.4,4.3,2.8,68.7
Western Kentucky,18,40.8,23.3,56.5,.412,7.3,21.6,.340,14.8,23.4,.632,13.1,19.5,11.9,24.7,36.6,10.7,5.0,1.8,68.7
Georgia Southern,16,40.3,24.1,55.7,.433,6.9,20.1,.343,13.5,21.6,.626,12.2,17.9,10.8,23.5,34.3,9.1,5.9,1.9,68.6
Hofstra,16,40.0,22.8,55.8,.408,7.4,21.4,.348,15.7,23.2,.675,10.9,19.5,11.8,22.6,34.3,10.6,4.6,3.5,68.6
Monmouth,20,40.8,24.6,57.5,.428,4.8,15.0,.323,14.6,23.2,.627,14.8,22.7,11.7,23.9,35.5,12.1,6.8,3.0,68.6
Northern Arizona,20,40.2,24.9,52.2,.478,5.2,13.8,.382,13.4,19.1,.702,11.6,18.0,9.3,22.3,31.6,10.7,6.3,4.5,68.6
Rutgers,18,40.0,24.3,58.7,.414,5.5,17.1,.321,14.4,20.2,.713,12.4,20.4,11.3,21.6,32.9,12.3,5.4,4.1,68.6
Purdue,18,41.7,24.1,59.3,.406,5.3,16.9,.311,14.9,21.8,.684,12.3,20.4,13.2,25.3,38.6,12.7,4.6,4.4,68.4
Norfolk State,16,40.3,23.4,53.1,.442,5.6,16.1,.345,16.0,23.8,.674,14.3,19.6,12.3,24.6,36.9,13.0,5.6,4.0,68.4
Mississippi Valley State,18,40.0,23.7,57.7,.411,5.4,19.3,.282,15.5,23.1,.671,15.4,21.6,11.3,24.1,35.3,10.1,7.6,2.1,68.4
San Diego State,18,40.3,23.6,55.2,.428,4.2,13.6,.307,16.9,25.8,.656,9.4,16.2,12.6,22.5,35.1,9.1,7.3,4.9,68.3
Cal State Bakersfield,16,40.0,23.8,55.4,.430,5.9,16.1,.364,14.8,21.5,.689,12.6,21.3,11.1,22.5,33.6,12.4,6.2,3.4,68.3
Northern Kentucky,18,40.3,23.7,53.3,.444,7.6,21.2,.357,13.4,18.1,.742,11.4,20.4,8.6,22.3,30.8,10.8,5.3,2.9,68.3
NC State,18,40.6,24.6,56.1,.438,4.6,14.9,.305,14.6,21.9,.663,11.1,18.8,11.8,21.5,33.3,11.7,4.6,3.7,68.2
Seton Hall,18,40.6,23.6,51.4,.459,7.6,20.0,.378,13.4,19.3,.695,12.0,18.8,6.7,21.8,28.5,13.6,6.6,2.5,68.2
USC,18,40.6,24.3,57.0,.426,4.2,14.9,.280,15.4,22.6,.685,14.5,20.9,9.8,24.1,33.9,11.4,5.3,3.8,68.2
Charlotte,16,40.3,25.2,56.6,.445,5.9,17.4,.338,11.9,19.2,.617,15.4,18.7,11.4,25.4,36.8,14.5,6.0,2.1,68.1
Santa Clara,18,40.3,23.1,55.9,.414,7.3,20.5,.358,14.6,19.3,.753,10.2,20.8,9.1,21.3,30.4,11.6,5.9,4.4,68.1
Milwaukee,16,40.7,22.2,53.6,.415,6.7,21.8,.307,16.9,24.2,.696,14.2,18.8,9.7,23.5,33.2,13.4,6.1,2.7,68.1
Little Rock,18,40.8,23.4,56.1,.417,4.4,15.0,.296,16.8,22.6,.744,12.8,21.1,10.6,22.8,33.4,11.0,5.9,4.5,68.1
Minnesota,18,41.1,23.9,51.7,.463,6.2,17.9,.345,13.7,18.8,.728,12.9,19.8,8.6,22.2,30.8,13.1,6.8,3.8,68.1
Colgate,18,40.6,24.9,51.3,.485,7.4,19.6,.380,10.8,14.9,.724,11.3,16.8,6.8,22.0,28.8,13.3,4.7,2.1,68.0
UC Davis,16,40.3,22.6,52.9,.427,8.1,22.1,.368,14.8,21.4,.690,11.1,18.8,7.9,17.8,25.7,11.0,4.9,2.2,68.0
Sacred Heart,16,40.0,24.2,60.8,.398,6.0,19.5,.308,13.6,19.6,.693,11.9,18.4,13.6,22.8,36.4,11.4,5.2,2.5,67.9
Campbell,16,40.3,24.2,55.2,.439,9.1,25.9,.352,10.2,14.8,.695,12.7,17.1,9.9,21.2,31.2,13.9,5.6,4.6,67.9
Texas-San Antonio,16,40.3,22.2,54.4,.408,6.1,18.2,.332,17.4,25.6,.680,14.8,21.3,12.6,23.2,35.8,10.8,6.1,1.8,67.9
Princeton,14,40.7,23.2,52.7,.440,8.0,23.6,.339,13.4,18.5,.722,11.7,17.6,7.7,24.6,32.3,13.6,7.0,3.9,67.8
UCF,18,40.6,24.1,57.9,.416,5.9,20.1,.296,13.7,21.3,.643,14.0,18.1,13.6,21.2,34.8,11.3,6.5,4.3,67.8
Rhode Island,16,40.3,23.8,52.4,.453,4.5,13.5,.333,15.6,24.0,.651,13.5,20.5,10.1,23.7,33.8,12.5,4.5,5.6,67.6
Illinois State,18,40.8,22.8,53.9,.422,7.2,22.8,.316,14.8,21.3,.697,12.1,19.7,8.9,23.7,32.6,11.7,8.2,4.9,67.6
Denver,14,40.0,23.5,47.3,.497,8.8,20.2,.435,11.8,16.5,.714,9.3,20.0,5.4,17.5,22.9,15.0,7.4,3.0,67.6
Texas-RGV,16,41.5,24.2,56.6,.428,4.6,15.9,.290,14.4,21.2,.681,12.0,20.2,9.5,22.7,32.2,13.1,7.2,2.0,67.6
Houston Baptist,18,40.3,23.7,56.0,.424,5.1,14.9,.342,14.9,22.8,.655,15.5,21.6,11.3,23.6,34.9,12.8,5.6,2.2,67.5
Georgia,18,40.6,21.1,51.0,.414,5.6,15.1,.369,19.7,28.8,.685,13.1,18.7,12.2,25.2,37.3,10.4,4.8,4.7,67.5
Virginia,18,40.3,23.7,52.2,.454,5.9,15.1,.395,14.0,21.1,.665,8.3,16.4,10.4,23.7,34.1,14.0,5.2,3.6,67.4
Detroit,16,40.6,23.5,56.8,.414,5.4,17.6,.305,15.0,21.4,.702,13.1,20.8,11.4,22.9,34.3,10.5,7.1,4.3,67.4
Fordham,16,40.3,23.2,61.5,.378,7.0,23.4,.299,13.9,19.3,.718,11.6,20.6,13.6,22.3,35.9,11.4,6.5,4.0,67.4
North Texas,16,40.0,23.9,56.6,.423,4.9,14.9,.331,14.6,21.4,.679,12.5,20.7,10.6,22.4,32.9,10.3,6.8,3.4,67.4
Abilene Christian,14,41.1,21.4,48.9,.439,6.8,16.2,.419,17.7,23.2,.763,15.8,20.9,7.2,20.7,27.9,10.5,6.6,1.5,67.4
Georgetown,18,40.6,23.1,52.0,.443,5.4,16.1,.338,15.8,21.8,.724,11.1,21.8,8.6,22.8,31.4,12.2,5.5,4.4,67.3
Florida State,18,40.0,22.6,50.3,.449,5.8,14.7,.398,16.2,22.1,.736,12.4,17.5,9.9,21.6,31.5,9.4,4.6,4.8,67.3
South Dakota,14,40.0,22.4,50.6,.441,5.9,15.4,.384,16.6,20.5,.808,12.1,16.9,6.6,22.7,29.4,10.9,5.0,3.3,67.2
Maryland-Eastern Shore,16,40.0,21.7,52.8,.411,5.9,17.0,.349,17.8,23.9,.742,12.6,19.8,11.1,20.3,31.4,10.8,5.9,2.0,67.1
DePaul,18,40.8,22.7,55.2,.412,6.3,18.7,.336,15.3,22.5,.679,13.5,22.8,10.4,20.3,30.7,10.3,6.6,4.1,67.0
South Carolina,18,40.0,21.8,53.5,.407,6.1,16.4,.373,17.3,24.4,.711,15.2,23.4,12.8,20.4,33.2,11.5,7.1,3.8,67.0
Middle Tennessee State,16,40.3,23.8,52.4,.455,5.6,15.3,.367,13.6,20.2,.672,12.5,18.4,10.0,23.1,33.1,13.2,7.8,4.6,66.8
Cincinnati,18,40.0,22.6,53.1,.426,5.9,18.2,.327,15.6,21.6,.720,11.2,16.7,11.2,22.3,33.6,12.7,7.6,5.3,66.7
Missouri State,18,40.6,22.7,51.6,.441,6.9,19.4,.358,14.3,20.3,.707,10.8,20.2,8.1,21.3,29.4,12.5,4.5,2.6,66.7
Evansville,18,40.6,22.6,49.8,.454,4.3,12.3,.353,17.1,24.0,.713,13.0,19.2,7.8,22.7,30.5,14.1,5.3,3.4,66.7
Boston College,18,40.6,21.8,48.7,.447,8.2,21.3,.385,14.7,20.7,.712,10.2,18.3,8.1,20.1,28.1,12.3,4.8,2.6,66.5
Ohio State,18,40.6,22.8,52.4,.435,5.2,16.5,.316,15.6,22.3,.701,11.1,17.2,8.3,21.9,30.2,11.3,7.7,3.9,66.5
Akron,18,40.6,23.4,54.7,.428,6.7,20.1,.335,13.0,20.4,.636,12.6,16.9,11.2,23.4,34.6,11.0,6.4,4.2,66.5
Indiana State,18,40.0,21.6,51.6,.418,6.4,20.8,.307,16.9,23.7,.714,11.1,18.0,8.8,25.1,33.8,12.2,5.0,4.1,66.4
Alabama A&M ,18,40.8,22.2,51.7,.430,6.1,18.3,.334,15.8,23.7,.665,13.6,21.5,10.1,23.8,33.9,13.1,5.8,3.8,66.3
Jackson State,18,40.6,22.8,54.5,.419,3.7,13.2,.278,17.0,23.0,.739,14.7,21.8,12.1,23.0,35.1,9.8,6.1,2.8,66.3
UC Irvine,16,40.6,24.3,53.1,.458,5.8,16.4,.354,11.9,18.2,.653,11.7,18.2,10.4,26.1,36.4,14.2,5.6,6.2,66.3
Fairfield,20,40.0,23.0,56.8,.405,7.3,21.1,.348,12.9,18.9,.683,14.0,22.9,11.3,23.4,34.8,11.8,4.2,3.6,66.3
South Alabama,18,40.3,22.8,56.6,.402,7.3,23.8,.308,13.4,19.4,.691,12.1,19.5,11.0,24.0,35.0,11.4,4.5,4.1,66.3
Notre Dame,18,41.1,25.0,56.3,.444,6.9,20.4,.338,9.4,14.2,.663,10.4,16.4,10.3,21.1,31.3,13.2,4.7,2.4,66.3
Columbia,14,40.7,20.9,47.6,.438,6.7,19.8,.339,17.8,22.4,.796,11.8,19.4,7.3,23.1,30.4,11.3,5.0,2.6,66.2
St. Francis (PA),16,40.0,23.8,53.7,.442,7.2,21.2,.342,11.4,17.4,.658,11.8,14.2,8.7,20.9,29.6,12.2,5.7,2.8,66.2
Florida International,16,40.0,23.9,53.6,.446,4.9,15.7,.311,13.6,20.4,.664,13.5,18.2,9.7,22.4,32.1,10.6,7.4,3.9,66.2
Indiana,18,40.3,22.7,52.3,.433,5.9,16.1,.366,14.9,20.2,.736,14.4,17.9,9.8,23.4,33.3,10.7,5.4,3.5,66.1
Kent State,18,40.5,23.5,55.6,.423,7.1,21.1,.335,12.0,17.7,.677,13.1,21.4,9.6,21.9,31.4,11.6,6.1,3.5,66.1
Utah State,18,40.3,23.9,55.1,.434,6.7,16.8,.399,11.3,15.5,.731,10.4,17.7,9.7,25.1,34.8,15.3,3.6,3.2,65.9
American University,18,40.0,23.4,46.4,.504,6.7,16.5,.404,12.5,16.8,.743,13.6,16.5,6.6,22.2,28.7,15.9,6.2,3.8,65.9
Kennesaw State,18,40.0,22.8,52.1,.438,5.8,16.3,.358,14.4,22.0,.654,15.2,21.9,9.7,21.4,31.1,10.8,5.3,2.9,65.9
Southern Illinois,18,40.3,22.7,50.6,.448,5.1,14.1,.360,15.5,23.1,.671,11.6,18.4,11.4,20.6,31.9,10.3,7.0,2.1,65.9
Presbyterian,16,40.0,24.0,53.2,.451,5.5,16.8,.328,12.4,17.6,.702,12.4,15.1,6.4,22.9,29.2,10.2,4.1,3.4,65.9
Valparaiso,16,40.0,21.8,47.9,.454,6.4,17.6,.363,15.9,21.9,.726,14.9,20.2,8.1,25.0,33.1,11.6,5.1,5.4,65.8
Arkansas-Pine Bluff ,18,40.0,21.8,50.3,.433,6.2,17.5,.356,15.9,24.4,.654,14.0,18.2,9.1,22.8,31.9,11.2,8.8,2.1,65.7
Miami (OH),18,40.6,23.5,53.6,.438,5.1,15.6,.329,13.6,17.5,.778,13.3,17.5,7.9,21.8,29.8,12.6,9.3,1.7,65.7
Bucknell,18,40.0,22.7,54.4,.417,6.2,16.9,.367,13.9,18.7,.745,10.8,17.2,9.9,26.2,36.1,11.4,4.8,2.2,65.6
Wake Forest,18,40.0,22.1,49.0,.450,4.6,14.7,.314,16.9,25.5,.662,12.4,19.6,7.5,20.5,28.0,12.7,5.7,3.3,65.6
Utah Valley,16,40.3,21.8,51.9,.419,6.4,19.5,.330,15.6,20.8,.753,9.6,15.6,8.9,24.9,33.8,13.4,4.2,2.8,65.6
Lehigh,18,41.1,23.6,55.2,.427,6.4,17.1,.377,11.9,16.2,.736,12.1,17.1,8.4,23.9,32.3,13.0,4.7,3.8,65.5
Albany,16,40.9,22.2,51.2,.433,5.4,14.4,.374,15.8,21.8,.722,13.7,17.3,10.7,22.6,33.3,11.1,5.6,2.9,65.5
Alcorn State,18,40.6,22.7,51.0,.444,4.4,13.6,.324,15.7,23.6,.664,10.6,18.3,8.1,21.6,29.7,9.4,4.9,3.4,65.4
Montana State,20,40.2,22.4,51.8,.434,5.2,15.2,.347,15.2,21.6,.705,11.0,16.8,8.2,20.9,29.1,9.2,6.0,1.4,65.3
Penn State,18,40.3,22.5,55.4,.406,5.6,18.9,.294,14.8,20.2,.733,10.9,21.3,10.3,21.9,32.2,9.6,4.4,4.4,65.3
Lamar,18,40.0,22.4,52.4,.427,2.7,9.7,.274,17.9,23.9,.747,14.1,18.4,9.6,21.3,30.9,11.3,5.6,2.8,65.3
La Salle,16,40.6,22.2,54.8,.405,5.9,17.6,.338,14.9,20.8,.718,12.9,16.8,10.4,23.8,34.1,12.4,5.9,3.4,65.2
Wright State,16,40.0,21.5,49.9,.431,6.4,17.6,.363,15.8,21.3,.742,12.6,19.6,7.0,21.5,28.5,13.6,6.6,3.1,65.2
Grambling State,18,40.0,22.4,50.4,.444,6.2,18.0,.343,14.2,21.5,.661,15.2,18.1,9.2,19.7,28.9,9.9,5.3,1.6,65.2
Appalachian State,16,40.3,22.6,53.6,.421,4.2,13.4,.316,15.8,25.2,.625,12.1,19.4,10.9,22.3,33.2,10.4,5.9,2.2,65.1
Butler,18,41.4,22.8,55.4,.411,5.8,18.6,.313,13.7,20.4,.671,9.8,16.8,10.2,21.3,31.6,11.1,5.3,1.8,65.1
Alabama,18,40.0,22.1,50.8,.434,5.7,17.3,.331,15.2,22.3,.681,11.4,19.6,8.7,21.7,30.4,11.1,5.8,3.8,65.0
N.J.I.T.,1,45.0,17.0,54.0,.315,8.0,30.0,.267,23.0,29.0,.793,18.0,22.0,14.0,22.0,36.0,11.0,8.0,4.0,65.0
Hartford,16,40.3,22.3,49.5,.451,8.6,22.8,.376,11.7,17.1,.685,12.6,18.1,6.8,19.3,26.1,13.6,6.1,1.9,64.9
Pennsylvania ,14,40.0,23.9,50.9,.469,3.4,13.3,.258,13.7,20.0,.686,15.5,21.7,7.9,22.8,30.6,12.9,5.1,3.3,64.9
Dartmouth,14,40.4,21.9,52.8,.414,5.9,15.1,.387,15.2,22.1,.689,11.4,20.1,9.6,20.4,30.0,10.8,6.1,2.5,64.8
Holy Cross,18,40.0,21.9,51.6,.425,6.0,17.8,.336,14.9,20.3,.732,10.7,15.7,10.2,22.4,32.6,10.4,6.0,4.1,64.8
Ball State,18,41.4,21.4,53.3,.403,6.1,20.2,.303,15.7,22.7,.694,17.3,21.1,12.3,24.6,36.8,12.2,4.6,2.4,64.7
Mississippi State,18,40.3,22.3,52.9,.422,4.6,15.5,.297,15.4,22.7,.680,13.6,17.2,8.6,21.8,30.4,11.7,6.4,2.7,64.7
Marshall,16,40.0,22.8,57.0,.400,5.2,18.1,.290,13.8,21.1,.653,12.6,18.1,12.4,22.4,34.8,11.1,5.7,2.8,64.6
Florida Atlantic ,16,40.0,22.9,54.4,.420,7.1,21.1,.334,11.8,17.6,.667,12.6,18.1,10.6,22.4,33.0,12.0,4.9,5.2,64.6
Citadel,16,40.6,23.2,52.5,.443,6.1,16.3,.372,12.0,17.1,.701,10.7,17.0,7.7,22.1,29.8,12.9,3.7,3.0,64.6
Savannah State,16,40.9,21.9,49.3,.444,4.9,15.3,.322,15.9,23.4,.677,16.4,19.6,10.3,22.8,33.1,10.5,7.9,5.3,64.6
Drake,18,40.0,21.3,47.6,.447,7.7,19.6,.392,14.3,20.4,.703,12.6,18.3,6.8,22.3,29.2,12.0,4.3,2.6,64.6
Texas Tech,18,40.3,22.4,51.1,.439,4.4,14.3,.311,15.3,21.4,.712,11.8,19.5,10.9,20.1,31.1,10.9,5.9,3.1,64.5
Richmond,16,40.3,21.6,53.8,.402,6.4,19.1,.334,14.8,21.4,.691,10.1,18.1,9.2,22.8,32.0,9.6,4.8,4.1,64.4
Northeastern,16,40.9,22.6,52.8,.429,5.4,15.9,.339,13.8,21.3,.645,12.1,16.8,9.9,23.6,33.5,11.6,5.2,3.2,64.3
Yale,14,40.4,19.3,48.1,.401,4.2,14.3,.295,21.4,30.8,.696,13.2,19.4,11.5,24.6,36.1,10.4,5.4,4.4,64.2
San Diego,18,40.0,21.8,49.3,.442,6.7,16.2,.411,13.9,20.3,.688,12.1,17.8,8.4,20.9,29.3,10.9,5.3,4.3,64.2
Furman,16,40.3,22.2,49.6,.447,4.9,15.5,.319,14.8,22.4,.660,14.1,17.4,7.6,22.4,30.0,9.7,5.0,3.4,64.1
Loyola (IL),18,40.6,22.7,50.1,.453,6.2,18.2,.339,12.4,18.0,.688,13.3,19.8,7.7,22.7,30.4,12.3,5.6,2.9,63.9
Louisiana-Monroe ,18,40.8,22.8,53.0,.431,5.7,17.6,.326,12.2,19.8,.615,11.8,18.1,9.6,22.8,32.4,12.1,5.1,3.9,63.8
Illinois-Chicago,16,40.0,21.6,52.9,.407,5.2,16.3,.322,15.2,21.4,.708,13.1,22.2,10.6,23.1,33.8,11.6,5.0,1.8,63.6
Nebraska,18,40.0,21.6,51.2,.421,5.9,18.1,.329,14.5,20.2,.717,11.3,18.9,7.7,24.7,32.3,9.1,6.1,2.8,63.6
North Carolina A&T,16,40.9,17.9,49.4,.363,5.1,17.7,.290,22.5,31.4,.717,14.6,22.4,11.1,24.6,35.7,8.3,4.4,4.2,63.5
Eastern Michigan,18,40.6,21.3,54.6,.390,4.4,15.4,.285,16.5,23.9,.691,12.2,18.9,11.9,24.2,36.2,9.2,8.6,5.7,63.4
Charleston,16,40.9,22.2,53.7,.413,7.6,19.9,.382,11.2,16.8,.665,12.8,19.5,12.2,24.9,37.1,10.2,4.9,4.1,63.2
Howard,16,40.6,19.5,48.3,.404,5.8,16.0,.359,18.4,27.0,.681,18.5,22.7,9.4,22.9,32.4,7.5,5.3,3.7,63.1
Stetson,18,40.5,21.9,51.1,.429,4.7,16.9,.279,14.4,21.6,.668,11.9,16.2,8.6,20.4,29.0,12.0,5.8,3.9,63.0
James Madison,16,40.3,21.4,52.9,.405,4.8,17.3,.278,15.2,23.1,.657,10.6,19.4,10.6,21.3,31.9,9.0,6.2,3.5,62.9
East Carolina,16,40.0,20.7,51.2,.404,7.9,22.8,.348,13.4,19.0,.707,11.6,17.1,9.2,21.1,30.3,12.0,5.9,2.8,62.8
South Florida,18,40.3,22.8,54.7,.418,2.8,11.2,.248,14.2,21.0,.677,12.9,17.9,11.2,22.1,33.3,12.3,5.1,2.8,62.7
Syracuse,18,40.6,22.7,54.5,.416,4.6,14.4,.317,12.8,17.9,.712,7.9,15.2,12.7,21.7,34.3,10.5,6.7,4.9,62.7
IUPUI,14,40.0,23.1,52.4,.441,4.1,13.5,.307,12.2,16.4,.747,10.6,15.1,6.5,20.6,27.1,9.6,3.8,2.1,62.6
Georgia Tech,18,40.3,22.9,53.7,.427,5.5,16.5,.333,11.2,16.8,.666,11.5,17.1,9.7,22.3,32.0,12.3,4.4,3.8,62.6
Delaware State,17,40.6,21.3,49.0,.435,5.1,16.4,.313,14.8,21.2,.698,11.5,17.6,8.7,20.5,29.2,12.5,5.1,3.9,62.5
Wyoming,18,40.8,21.7,46.4,.467,5.2,15.4,.339,13.9,19.2,.728,9.2,16.8,4.6,21.4,26.0,11.9,4.9,3.8,62.5
UMBC,16,40.6,20.8,52.5,.396,5.4,19.1,.285,15.4,23.2,.666,14.4,22.6,9.9,20.6,30.4,11.0,7.9,2.8,62.5
Jacksonville State,16,40.0,20.9,51.2,.409,5.0,17.3,.289,15.6,22.4,.696,11.4,19.0,9.6,18.9,28.6,10.8,7.0,3.7,62.4
Bethune-Cookman,16,40.6,20.6,51.2,.402,6.8,18.4,.366,14.3,19.9,.718,13.2,20.4,10.2,19.8,30.1,9.7,7.0,2.6,62.3
UMass Lowell,16,40.3,20.5,50.2,.408,6.7,20.6,.325,14.5,20.4,.709,12.9,17.8,8.8,21.8,30.5,12.8,6.2,2.6,62.2
South Carolina State,16,40.9,22.1,56.2,.392,4.5,17.0,.265,13.4,19.7,.683,15.6,18.7,13.0,22.6,35.6,12.7,5.8,3.6,62.2
Cornell,14,40.4,21.4,53.8,.398,6.1,19.3,.319,13.0,18.1,.719,11.5,20.4,10.1,18.7,28.8,8.9,4.9,2.6,62.0
Old Dominion,16,40.0,21.9,51.0,.429,5.4,16.4,.332,12.8,20.4,.624,13.2,19.1,11.2,21.9,33.1,10.7,6.9,4.3,61.9
Binghamton,16,40.9,20.2,52.1,.389,6.1,19.2,.315,15.4,21.0,.732,13.6,20.1,9.8,21.1,30.9,9.8,6.9,2.1,61.9
Western Illinois,14,40.3,21.0,45.9,.457,5.2,14.1,.369,14.7,20.4,.720,13.5,18.4,6.8,21.8,28.6,11.2,4.5,2.1,61.9
Loyola (MD),18,40.3,21.8,52.3,.417,4.3,13.4,.318,14.1,21.4,.657,12.8,18.2,10.2,19.8,29.9,10.4,7.7,4.6,61.9
Cal Poly,16,40.0,21.0,53.4,.393,6.6,17.7,.375,13.1,18.8,.700,8.3,17.4,10.8,19.3,30.1,11.9,5.8,3.0,61.8
Air Force,18,40.6,21.7,52.3,.416,6.9,22.3,.309,11.4,16.6,.686,12.9,18.7,7.9,21.5,29.4,13.1,5.3,2.9,61.7
Saint Peter's,20,40.0,20.8,52.0,.399,5.4,17.2,.313,14.8,21.1,.699,11.8,17.6,9.8,22.6,32.5,9.9,6.0,4.8,61.6
Bradley,18,40.0,21.5,53.1,.405,5.3,15.3,.345,13.1,19.4,.673,10.8,19.8,10.3,20.9,31.2,9.6,7.3,2.2,61.3
Bowling Green,18,40.0,22.5,54.6,.412,4.2,14.1,.299,11.8,18.3,.645,14.2,17.2,10.4,23.2,33.7,12.3,6.7,5.1,61.1
Northern Illinois,18,41.1,19.3,50.2,.384,4.4,15.1,.292,18.1,25.9,.700,15.8,20.6,12.7,22.9,35.6,8.0,6.7,3.3,61.1
Texas A&M,18,40.8,21.7,52.8,.411,6.0,17.9,.334,11.6,19.1,.608,10.1,18.6,8.1,22.4,30.6,12.5,6.4,2.9,60.9
Tulane,16,40.0,19.4,48.1,.403,6.2,17.8,.351,15.7,23.1,.680,13.0,19.6,9.5,23.0,32.5,9.6,4.7,3.3,60.7
Southern Utah,20,40.2,21.1,49.1,.430,4.3,13.1,.332,13.8,20.4,.674,13.7,23.3,7.2,20.4,27.6,11.3,4.0,3.0,60.3
Vanderbilt,18,40.3,20.3,50.1,.406,6.4,21.0,.307,13.1,19.2,.684,12.7,16.7,9.3,22.5,31.8,12.2,4.6,4.5,60.2
Illinois,18,40.3,21.0,55.1,.381,5.7,18.6,.304,12.3,16.8,.733,10.6,17.8,10.1,21.8,31.8,9.1,6.9,3.1,60.0
UNC Wilmington,16,40.9,22.3,55.2,.404,4.8,15.6,.305,10.4,16.9,.619,10.6,18.4,10.4,22.4,32.8,10.4,5.9,3.9,59.8
Texas State,18,40.3,21.6,49.6,.435,4.3,14.8,.292,12.2,17.5,.695,13.7,18.8,7.9,21.8,29.8,10.6,5.8,2.8,59.6
Clemson,18,41.4,20.4,50.8,.402,4.9,16.8,.294,13.5,19.1,.708,11.2,15.9,10.4,21.2,31.6,9.3,4.3,4.9,59.2
Miami (FL),18,40.6,20.7,50.2,.412,5.6,17.2,.324,12.3,18.9,.650,9.5,16.1,10.3,21.7,32.1,9.6,4.3,3.2,59.2
Texas Christian,18,40.0,19.4,51.6,.376,4.4,14.6,.304,15.8,21.7,.728,11.9,17.1,7.8,18.6,26.4,9.7,5.4,3.3,59.0
Navy,18,40.6,21.2,53.6,.396,6.7,20.4,.330,9.0,14.7,.611,12.4,18.5,10.3,20.3,30.6,12.2,6.3,3.3,58.2
Rice,16,40.0,20.6,51.4,.400,7.3,23.8,.308,9.7,15.5,.625,13.5,19.1,7.4,22.4,29.8,14.1,4.8,1.9,58.1
Washington State,18,40.6,18.4,49.9,.368,7.3,21.6,.340,12.7,19.0,.670,11.6,18.3,8.4,21.9,30.4,9.6,4.6,3.1,56.8
San Jose State,18,40.0,18.9,52.3,.362,7.7,24.3,.317,10.7,14.9,.717,13.4,19.7,8.4,22.2,30.6,10.3,3.8,2.5,56.3
Virginia Tech,18,40.8,19.1,51.3,.372,5.9,19.2,.307,11.2,18.3,.612,12.0,15.9,10.5,22.9,33.4,9.4,3.8,3.7,55.3
New Hampshire,16,40.3,18.7,50.0,.374,7.0,21.6,.324,10.6,15.6,.679,13.2,18.5,8.2,23.9,32.1,10.0,4.1,3.8,54.9
Northwestern,18,40.6,18.8,50.2,.375,5.9,21.3,.277,10.8,15.9,.682,10.3,17.7,6.3,22.8,29.1,9.3,4.4,4.0,54.4
